date,text
2021-08-25 12:03:48+00:00,The coronavirus could get worse We’re approaching evolutionary tipping point
2021-08-25 12:03:48+00:00,Vaccine immunity seems wane month But they’re still good job
2021-08-25 12:03:48+00:00,Inside Boston Dynamics’ plan create useful robot look behind viral video hype
2021-08-25 12:03:48+00:00,hidden Arctic cave hold secret past future After half century wondering we’re find contains
2021-08-25 12:03:48+00:00,Waymo expanding driverless ride San Francisco But rider sign NDA lol
2021-08-25 12:03:48+00:00,Tech regulation could become fragmented nightmare Where Washington failed state city stepping
2021-08-25 12:03:48+00:00,The definition planet still sore point Look away Pluto fan
2021-08-25 12:03:48+00:00,Could robot eventually evolve This feel like magical thinking certainly fun imagine
2021-08-25 12:03:48+00:00,YouTube you’re never far dying kitten The cycle staged cruel animal rescue YouTube video unending
2021-08-25 12:03:48+00:00,Why people paying coach get better video game The industry exploded pandemic
2021-08-24 12:03:13+00:00,The FDA fully approved PfizerBioNTech vaccine Itll marketed Comirnaty see quote bottom list
2021-08-24 12:03:13+00:00,homegrown app helping Kabul resident avoid danger relies groundlevel report vetted team user private WhatsApp group
2021-08-24 12:03:13+00:00,Why pay attention Chinas digital yuan This much centralized digital currency Its also potential tool control dominance
2021-08-24 12:03:13+00:00,The Facebook group thats winning vaccine skeptic Vaccine Talk nearly 70000 member effort couldnt urgent
2021-08-24 12:03:13+00:00,could used spot art forgery One model could distinguish Rembrandt imitator accuracy
2021-08-24 12:03:13+00:00,How mentally prepare disaster You need plenty empathy including
2021-08-24 12:03:13+00:00,need robot jerk sometimes simply isnt good surrounded endless subservience
2021-08-24 12:03:13+00:00,The farmer market moving online This make much sense—but incredibly tricky get right
2021-08-24 12:03:13+00:00,What adult tricycle tell world supply chain problem Everything interlinked fragile
2021-08-24 12:03:13+00:00,Somebody spent million picture rock Perhaps universe way telling much money not enough sense
2021-08-23 12:02:55+00:00,How Taliban mastered social medium The Afghanistan today different place internet banned 2001
2021-08-23 12:02:55+00:00,You might already breakthrough covid19 infection Yet effort fight virus bedeviled lack reliable good quality data
2021-08-23 12:02:55+00:00,Amazons next big idea Build department store And thus cycle tech company inventing solution problem helped create continues
2021-08-23 12:02:55+00:00,China passed one world strictest data privacy law This curb data collection private company The state Not much
2021-08-23 12:02:55+00:00,need treat space traffic like treat high sea Maritime law could help prevent future plague satellite crash
2021-08-23 12:02:55+00:00,Why world biggest computer chip exists Its accelerating
2021-08-23 12:02:55+00:00,The commute reason many dont want office And itll even worse people whove moved away pandemic
2021-08-23 12:02:55+00:00,Should doxxing illegal This question much harder answer might think
2021-08-23 12:02:55+00:00,How disinformation problem got bad This issue much older much complex weve led believe
2021-08-23 12:02:55+00:00,The man worked double agent Apple One powerful yet also one paranoid company
2021-08-20 12:03:39+00:00,Afghanistan pose crowdfunding conundrum Good intention bumping harsh reality ground
2021-08-20 12:03:39+00:00,Those ubiquitous plastic barrier They might making thing worse Theyre disrupting usual flow ventilation
2021-08-20 12:03:39+00:00,The FTC suing Facebook The suit seek force Facebook sell Instagram WhatsApp
2021-08-20 12:03:39+00:00,Chinese astronomer want build observatory Tibetan Plateau new study suggests summit Saishiteng Mountain lot potential
2021-08-20 12:03:39+00:00,Toyota going cut production next month The ripple effect global chip shortage getting bigger bigger
2021-08-20 12:03:39+00:00,OnlyFans say going ban sexually explicit content Isnt that… business
2021-08-20 12:03:39+00:00,Its hard rational The real challenge isn’t right knowing wrong might
2021-08-20 12:03:39+00:00,These crypto trader want payback loss caused Binance glitch Whether win lose theyll set important precedent industry whole
2021-08-20 12:03:39+00:00,Tesla say building humanoid robot But probably wont work according Elon Musk Cool
2021-08-20 12:03:39+00:00,The case longform music Enough endless curation Listen album let
2021-08-19 12:03:12+00:00,Israel battling new surge covid19 infection Despite one highest vaccination rate country
2021-08-19 12:03:12+00:00,The Taliban run sophisticated social medium operation sophisticated fact convinced theyre advised firm
2021-08-19 12:03:12+00:00,Facebook say launch digital wallet Novi offer free persontoperson payment
2021-08-19 12:03:12+00:00,Big Tech bending Indian government seems market billion people lucrative resist
2021-08-19 12:03:12+00:00,How DDoSecrets eclipsed Wikileaks Theyre new hacktivists block
2021-08-19 12:03:12+00:00,School board front line Americas culture war And promise people rant going viral online making everything much worse
2021-08-19 12:03:12+00:00,Three former Netflix software engineer charged insider trading They allegedly made million illegally trading share using insider information company subscriber growth
2021-08-19 12:03:12+00:00,How social medium redesigns manipulate Twitters new font might seem subtle effect sort change anything
2021-08-19 12:03:12+00:00,This startup selling dream supersized testicle Sounds like load ball
2021-08-19 12:03:12+00:00,The 3Dprinted home arrived And could help two major challenge shortage housing climate change
2021-08-18 12:04:31+00:00,The Taliban seized military biometrics device Its incredible allowed happen
2021-08-18 12:04:31+00:00,How navigate delta variant youre vaccinated minefield
2021-08-18 12:04:31+00:00,The case breaking Big Agriculture become increasingly concentrated hand company knockon effect disastrous
2021-08-18 12:04:31+00:00,Are ready electric car boom Reducing use scarce metals—and recycling them—will crucial
2021-08-18 12:04:31+00:00,Facebook big misinformation problem How big wont say And getting even harder find company put squeeze external effort study
2021-08-18 12:04:31+00:00,Someone keep stealing book manuscript This crazy mysterious tale worthy novel
2021-08-18 12:04:31+00:00,digital technology making moral Evidence suggests eroding attention eroding moral attention eroding empathy
2021-08-18 12:04:31+00:00,How reggae legend went become emoji The human story behind emoji creation often fascinating exception
2021-08-18 12:04:31+00:00,lot worker would rather quit stop remote Weve tasted freedom really dont want give thank much
2021-08-18 12:04:31+00:00,Gen LinkedIn laughing Lets honest totally ripe mockery
2021-08-17 12:02:54+00:00,Afghans trying erase online life The fear Taliban retribution huge justified
2021-08-17 12:02:54+00:00,How pandemic got bad Florida Worryingly rest country there lot dont know know
2021-08-17 12:02:54+00:00,New Zealand gone back lockdown Due one covid case
2021-08-17 12:02:54+00:00,Saturn’s inside sloshing around new paper suggests Saturn’s core bigger previously thought like fluid solid
2021-08-17 12:02:54+00:00,Western state facing first federal water cut Water level largest reservoir Colorado River fallen record low
2021-08-17 12:02:54+00:00,The government formally investigating Tesla Autopilot The feature frequently misused driver
2021-08-17 12:02:54+00:00,How Twitters internal culture went sour prominent new hire seems rattled nerve among employee
2021-08-17 12:02:54+00:00,Whats social medium mental health The science far weaker admit
2021-08-17 12:02:54+00:00,CGI replica Nvidias CEO delivered speech one realized Impressive yet freaky
2021-08-17 12:02:54+00:00,new world record exact figure Swiss researcher hit 628 trillion figure using supercomputer
2021-08-16 12:03:34+00:00,Kabul airport chaos The Taliban charge Afghanistan prompting many try flee
2021-08-16 12:03:34+00:00,Rescuers hunting survivor Haitis earthquake killed 1297 The disaster compound huge problem facing impoverished nation
2021-08-16 12:03:34+00:00,Why effort convince antivaxxers failing Basically people find incredibly hard admit theyre wrong
2021-08-16 12:03:34+00:00,The case scrapping travel ban International travel rule currently ineffective illiberal often useless
2021-08-16 12:03:34+00:00,Scammers managed steal 400 billion covid benefit Experts say biggest fraud ever perpetrated
2021-08-16 12:03:34+00:00,The professor foresaw dark side internet Unfortunately one listened Philip Agres eerily prescient prediction 1990s
2021-08-16 12:03:34+00:00,The latest hot new trend Meeting online friend IRL weve discovered past year there something indefinably great human interaction
2021-08-16 12:03:34+00:00,Some remote worker secret two job The money incredible But stress
2021-08-16 12:03:34+00:00,How data science helped identify creepiest word Macbeth You wont able guess
2021-08-16 12:03:34+00:00,The crazy logistics Istanbul grand canal project There LOT could wrong
2021-08-13 12:04:06+00:00,The FDA approved third covid shot immunocompromised people Some people cancer HIV patient dont seem produce sufficient immune response two dos
2021-08-13 12:04:06+00:00,New research suggests hydrogen may pretty bad climate Its seen clean energy future extraction process emits vast amount carbon dioxide
2021-08-13 12:04:06+00:00,Incels keep trying take Reddits largest dating forum The moderator keeping nonsense bay deserve sort medal
2021-08-13 12:04:06+00:00,Inside Substacks risky global expansion Its going grapple threat press freedom ever
2021-08-13 12:04:06+00:00,Chinas tech industry huge sexism problem rape allegation Alibaba shone spotlight appalling condition woman Chinas tech giant
2021-08-13 12:04:06+00:00,How 36yearold billionaire took GameStop Audacious barely begin cover
2021-08-13 12:04:06+00:00,The dark side Instagrams craze cute hedgehog Theres practically way know adorable animal like online treated properly
2021-08-13 12:04:06+00:00,need work therapy part psychedelic therapy Its mostly done individual case group session
2021-08-13 12:04:06+00:00,Animal Crossing got kinda dark recently Out wholesome greenery zombie
2021-08-13 12:04:06+00:00,asteroid Bennu hit Earth wont AGES good Now worry about… stuff
2021-08-12 12:01:27+00:00,How coronavirus evolve This trillion dollar question Thankfully reason optimistic
2021-08-12 12:01:27+00:00,NASAs billion spacesuit program may delay 2024 moon goal Its starting look inevitable timetable slip potentially quite significantly
2021-08-12 12:01:27+00:00,addiction risk algorithm may worsening opioid crisis youre American probably one overdose risk score without even realizing
2021-08-12 12:01:27+00:00,seems Sicily hit hottestever temperature recorded Europe The measurement 11985°F awaiting verification
2021-08-12 12:01:27+00:00,Facebook failing Englands Black soccer player Its little stop racist abuse trying shift responsibility onto individual
2021-08-12 12:01:27+00:00,The hacker stole cryptocurrency given back 260 million Soz didnt really mean steal 600 million Lol Kthnxbi
2021-08-12 12:01:27+00:00,woman got write sister death Its deeply emotional experiment anything show limited technology still
2021-08-12 12:01:27+00:00,Instagrams creatives unhappy move video dont need another TikTok
2021-08-12 12:01:27+00:00,Hybrid office arrangement encourage clique The MondayWednesday tribe may never even need interact ThursdayFriday folk
2021-08-12 12:01:27+00:00,Why CAPTCHA picture just… deeply depressing They
2021-08-11 12:03:47+00:00,Florida become epicenter pandemic And instead responding crisis official squabbling data
2021-08-11 12:03:47+00:00,Hackers made 600 million cryptocurrency This must one biggest heist kind ever enabled vulnerability blockchain site Poly Network
2021-08-11 12:03:47+00:00,Chameleoninspired robot skin change color instantly What fabulous invention
2021-08-11 12:03:47+00:00,Inside White HouseFacebook fight vaccine misinformation Yet clear Facebook either doesnt know wont reveal size problem
2021-08-11 12:03:47+00:00,Why tech illustration boring You may not heard corporate memphis youve almost certainly seen
2021-08-11 12:03:47+00:00,Google might cut pay worker want stay remote Anyone affected whod like argue back might want point latest financial result
2021-08-11 12:03:47+00:00,What second earthquake hit Early warning system vastly improved The question information provide
2021-08-11 12:03:47+00:00,Meet people share financial transaction openly online Its voyeur end confuse Why Who even time
2021-08-11 12:03:47+00:00,One man yearlong quest get Indian driver license There thing frustrating technology simply not work
2021-08-11 12:03:47+00:00,Rickrolling never get old Rick Astleys Never Gonna Give You surpassed billion view YouTube Well done everyone
2021-08-10 12:03:10+00:00,dont act stop climate change never Amid flood fire extreme heat many reaching personal tipping point
2021-08-10 12:03:10+00:00,military personnel required get vaccinated covid19 The rule expected come time next month
2021-08-10 12:03:10+00:00,new generation AIpowered robot taking warehouse The big question whether augment replace people work currently
2021-08-10 12:03:10+00:00,Twitters racist imagecropping algorithm also sexist ageist This bad—and totally rife within
2021-08-10 12:03:10+00:00,How well animal grasp number Even better wed previously believed seems
2021-08-10 12:03:10+00:00,Text meme taking Instagram Its not Gen either teen idol Courtney Love getting act
2021-08-10 12:03:10+00:00,Smiley emojis might not mean think Its minefield
2021-08-10 12:03:10+00:00,Office politics moving home still havent claimed permanent workstation please get sake mental health
2021-08-10 12:03:10+00:00,Are lightsabers theoretically possible Kind
2021-08-09 12:03:33+00:00,The IPCC delivered grimmest warning yet climate change still time avert catastrophic heating rapidly running
2021-08-09 12:03:33+00:00,The Delta variant upended risk calculation Its struggle walk line totally terrified totally relaxed yet walk must
2021-08-09 12:03:33+00:00,Call center worker forced accept home surveillance wonder Teleperformances CEO would respond someone trying put camera bedroom
2021-08-09 12:03:33+00:00,When customer leave bad Amazon review seller hunt Yet evidence online review broken
2021-08-09 12:03:33+00:00,Chinas Big Tech crackdown lopped billion tycoon fortune Colin Huang founded Pinduoduo lost third wealth couple month
2021-08-09 12:03:33+00:00,Facebook blocking researcher want study Allegedly due privacy concern look like effort dodge scrutiny
2021-08-09 12:03:33+00:00,What rat teach human empathy Rats far likely rush rescue rat identify
2021-08-09 12:03:33+00:00,Its not you—taxi app price really higher Uber Lyft others grappling acute shortage driver
2021-08-09 12:03:33+00:00,How witch share knowledge TikTok The Pagan And Occult Distribution Network PODSnet launched 1980s
2021-08-09 12:03:33+00:00,think going back office mean Zoom think Its stay whether like not
2021-08-06 12:11:45+00:00,Predicting viral evolution may help make vaccine advance It’s way give immune system leg
2021-08-06 12:11:45+00:00,Apple scan iPhones iCloud child abuse image The firm say privacy protected expert issue
2021-08-06 12:11:45+00:00,Southern Europe ravaged wildfire The raging fire smoke forcing mass evacuation
2021-08-06 12:11:45+00:00,Facebook want live “metaverse” But even mean
2021-08-06 12:11:45+00:00,Google want know it’s possible recycle hard drive could one way mitigate toll rare earth mining
2021-08-06 12:11:45+00:00,Tickets Virgin Galactic flight available—at 450000 Get line already 600 people ahead
2021-08-06 12:11:45+00:00,Medical detect race Xray scan This problematic many many reason
2021-08-06 12:11:45+00:00,Biden want half vehicle electric 2030 New fuel efficiency standard also come force
2021-08-06 12:11:45+00:00,Why regulator need treat stablecoins like bank Crypto isn’t danger current financial system… yet
2021-08-06 12:11:45+00:00,Sorry inbox shopping mall Many EMAILS
2021-08-05 12:04:01+00:00,The world passed 200 million official case It’s another grim milestone
2021-08-05 12:04:01+00:00,How many people long covid The number frustratingly hard pin
2021-08-05 12:04:01+00:00,Facebook cut account two scientist study political It’s longrunning standoff
2021-08-05 12:04:01+00:00,Airlines using IBM’s blockchain vaccine passport And 474 airline could use today
2021-08-05 12:04:01+00:00,How transform energy system Here milestone net zero need get
2021-08-05 12:04:01+00:00,Robots learning unload lorry Sounds easy—but machine often struggle sort stuff
2021-08-05 12:04:01+00:00,The six country likely survive climateinduced societal breakdown Can maybe erm not get stage please
2021-08-05 12:04:01+00:00,How nondisclosure agreement silence gig worker Even they’ve carjacked
2021-08-05 12:04:01+00:00,Why streaming space tourism new reality You can’t afford watch Netflix
2021-08-05 12:04:01+00:00,Watch hacker hijack capsule hotel’s light fan bed Nowhere safe
2021-08-04 12:03:44+00:00,The need watch understand delta Here we’ve living delta month
2021-08-04 12:03:44+00:00,Here’s prove vaccine status smartphone howto guide confused
2021-08-04 12:03:44+00:00,These connection piece mouse brain size grain sand There half billion—and they’ve mapped
2021-08-04 12:03:44+00:00,What bitcoin went zero worst case scenario not hard imagine
2021-08-04 12:03:44+00:00,The people train selfdriving car hour The outsourcing labor global South
2021-08-04 12:03:44+00:00,Facebook want make encryption work together apparently want read personal info keeping secure
2021-08-04 12:03:44+00:00,The leftwing activist bringing back MAGA Twitter Not convinced great idea honest
2021-08-04 12:03:44+00:00,Inside collapse Amazon’s drone delivery business Some amazing tale corporate dysfunction
2021-08-04 12:03:44+00:00,Boeing’s Starliner launch delayed indefinitely Not good look
2021-08-04 12:03:44+00:00,Pokémon want send player back outside And player saying nope
2021-08-03 12:03:36+00:00,How Saudi Arabia weaponizing social medium Murdered journalist Jamal Khashoggi faced swarm online harassment
2021-08-03 12:03:36+00:00,People looking unauthorized covid booster shot causing havoc Anxious patient trying beat system
2021-08-03 12:03:36+00:00,How France tamed Google The money meaningless change profound
2021-08-03 12:03:36+00:00,labmeat hit dinner plate note cautionskepticism
2021-08-03 12:03:36+00:00,Germany testing electrified highway could best way reduce truck emission
2021-08-03 12:03:36+00:00,Forests generate carbon offset company fire The irony painful
2021-08-03 12:03:36+00:00,Google’s new phone come custom chip Here’s everything need know Tensor
2021-08-03 12:03:36+00:00,Hospitals still use pneumatic tubes—and hacked Old tech new problem
2021-08-03 12:03:36+00:00,Inside world Bored Ape Yacht Club It’s NFT thing And mean big
2021-08-03 12:03:36+00:00,What space station start backflips Try not freak
2021-08-02 12:04:40+00:00,We’re strange new stage pandemic Cases surging death not
2021-08-02 12:04:40+00:00,Why manager fear remote work future Business leader need ask tough question
2021-08-02 12:04:40+00:00,The influencer army thats recruited get people vaccinated The White House teamed TikTok star push provaccine message
2021-08-02 12:04:40+00:00,endlessly changing playground teach AIs multitask Virtual game world could help nudge towards general intelligence
2021-08-02 12:04:40+00:00,Why Mark Zuckerberg’s “metaverse” already suck Nevermind creepy it’s boring
2021-08-02 12:04:40+00:00,Police get hold data—even aren’t suspected anything And might never know
2021-08-02 12:04:40+00:00,How SpaceX saved NASA 500m single rocket And mean get space science bang buck
2021-08-02 12:04:40+00:00,scientific brain drain hitting And could affect Biden’s climate plan
2021-08-02 12:04:40+00:00,The first ever “time crystal” may created And built inside quantum computer Very cool stuff
2021-08-02 12:04:40+00:00,Underwater drone finding America’s war dead Wreckage remains lost since 1967 found Vietnam’s coast
2021-07-30 12:04:05+00:00,federal worker military vaccinated say Biden The president said refusing vaccine expect ‘inconveniences’
2021-07-30 12:04:05+00:00,How many people really long covid It’s proving impossible pin
2021-07-30 12:04:05+00:00,Russian module ISS suddenly fired thruster docking That was… erm not planned
2021-07-30 12:04:05+00:00,lab meat really going solve agriculture problem The nascent industry need scale grow careful way
2021-07-30 12:04:05+00:00,oral history Black Twitter Its code custom deeprooted problem
2021-07-30 12:04:05+00:00,The Amazon rainforest approaching point return It’s horrific land grab epic scale
2021-07-30 12:04:05+00:00,China built world’s biggest face recognition system—but it’s camerashy Public worry privacy recognized
2021-07-30 12:04:05+00:00,How Japan trying deal Tokyos intense heat Ways keep athlete cool could help future heatwaves
2021-07-30 12:04:05+00:00,cyclic model universe rethink Big Bang What universe enters new phase every trillion year
2021-07-30 12:04:05+00:00,Inside world StripTok Where stripper find friendly face vent share tip
2021-07-28 12:35:51+00:00,rely Facebook news youre much likely vaccinated Even watch Fox But relationship causal
2021-07-28 12:35:51+00:00,The first TikTok Olympics see inside athlete village like never
2021-07-28 12:35:51+00:00,Who pay protect Big Tech’s campus rising sea The taxpayer Silicon Valley giant know think
2021-07-28 12:35:51+00:00,Where popper come It’s goto sex drug gay men But make
2021-07-28 12:35:51+00:00,Virtual reality rich white kid technology Its disappointing year yet tech investor keep giving money chance
2021-07-28 12:35:51+00:00,Instagram introduced new safety protection child But… still ploughing ahead building version platform under13s
2021-07-28 12:35:51+00:00,Its year since NASA put car moon This beautifully quintessentially American
2021-07-28 12:35:51+00:00,Activision Blizzard show NOT respond sexism lawsuit dismissed claim attacked employee now… theyre going strike today
2021-07-28 12:35:51+00:00,Why todo apps mostly fail None work well writing list piece paper crossing
2021-07-28 12:35:51+00:00,How pioneering teen punk led movement disabled people online This internet best connecting people need community
2021-07-27 12:03:36+00:00,Whats toughest Olympic sport strong case gymnastics let honest… theyre incredibly difficult
2021-07-27 12:03:36+00:00,See how—and where—covid19 case surging Louisiana Florida Arkansas leading particularly depressing charge
2021-07-27 12:03:36+00:00,Epics delivering inaccurate information seriously ill patient The fact algorithm shielded corporate secrecy make problem even worse
2021-07-27 12:03:36+00:00,Those code Theyre tracking Ill take paper menu thanks
2021-07-27 12:03:36+00:00,Jeff Bezos offering NASA billion reconsider company contract This really feel like bribe
2021-07-27 12:03:36+00:00,How tech changing young people life These essay cover everything language lesson gaming livestreamed Alicia Keys concert
2021-07-27 12:03:36+00:00,Weve changed commute grasp bit flexibility now time
2021-07-27 12:03:36+00:00,QAnon convinced man son shooting hoax This incredibly sad
2021-07-27 12:03:36+00:00,Magnetized concrete could charge car drive It’s called ‘magment’ natch
2021-07-27 12:03:36+00:00,Physicists frenzy fractons These strange partial quasiparticle might help tackle grittiest problem physic
2021-07-26 12:04:02+00:00,Japanese company testing pill covid19 The onceaday drug designed neutralize coronavirus week
2021-07-26 12:04:02+00:00,This man couldnt get fiancées death turned chatbot good Possibly not completely understandable Yes
2021-07-26 12:04:02+00:00,got bestever look inside Mars And complex previously thought
2021-07-26 12:04:02+00:00,Facebook religion match made heaven long everyones making plenty money seems
2021-07-26 12:04:02+00:00,Uber Lyft driver hit wave carjacking They load stress contend daytoday anyway
2021-07-26 12:04:02+00:00,These YouTubers blew whistle antivax plot suspect seeing tiny slice disinformationforhire industry
2021-07-26 12:04:02+00:00,study found virtual contact worse contact The evidence keep mounting human really need spend time together person
2021-07-26 12:04:02+00:00,Some town trying lure remote worker cash Its not working
2021-07-26 12:04:02+00:00,Why jelly back fashion You partly thank ASMR apparently
2021-07-26 12:04:02+00:00,The day good internet died RIP Google Reader
2021-07-23 12:03:38+00:00,The Olympics could help carry covid19 variant world might not dont know But well find soon
2021-07-23 12:03:38+00:00,What happens hit 3°C That heading And reach nowhere going safe
2021-07-23 12:03:38+00:00,The pandemic unvaccinated More hospitalization covid right unvaccinated people according CDC
2021-07-23 12:03:38+00:00,Mark Zuckerberg going allin metaverse The tech sector excited blending physical digital world time yet still feel long way
2021-07-23 12:03:38+00:00,The CIA seems serious solving Havana Syndrome mystery The officer helped hunt Osama Bin Laden given job get bottom
2021-07-23 12:03:38+00:00,Were burned Now let use opportunity rethink relationship work
2021-07-23 12:03:38+00:00,Twitters testing downvote button Just think cant possibly come another way make experience worse somehow
2021-07-23 12:03:38+00:00,Donald Trump aggrieved Instagram influencer exhausted reading Imagine actually
2021-07-23 12:03:38+00:00,The Kayesa ransomware nightmare nearly decryption tool emerged though company tightlipped got hold
2021-07-23 12:03:38+00:00,This drone beat professional racing pilot Another win bot
2021-07-22 12:03:39+00:00,How well coexist covid19 Much depends strength immune memories—and pace vaccination globally
2021-07-22 12:03:39+00:00,Floods China killed dozen The city Zhengzhou almost year’s worth rain three day
2021-07-22 12:03:39+00:00,Video game giant Activision sued endemic sexual harassment sound like company fostered truly hellish working environment especially woman people color
2021-07-22 12:03:39+00:00,How TikTok work Its pretty simple algorithm look long spend video feed stuff like
2021-07-22 12:03:39+00:00,Why care fact youre tracked This debate seem theoretical The case Catholic priest private life exposed brings sharply focus
2021-07-22 12:03:39+00:00,flexible computer chip could enable amazing invention This could let connect everyday item like clothes food container internet
2021-07-22 12:03:39+00:00,Emirati Princess Latifa may captured using Pegasus spyware She not seen since failed 2018 escape father
2021-07-22 12:03:39+00:00,Why gun violence surging Hopefully soon find thanks hugely increased research funding
2021-07-22 12:03:39+00:00,Can Blue Origin succeed Its mean guaranteed despite Tuesdays flight
2021-07-22 12:03:39+00:00,Airbnb pool thing exists And guess make lot sense
2021-07-21 12:05:27+00:00,The Olympics kick today The heat problem rising number covid case
2021-07-21 12:05:27+00:00,How Zello keep people connected South Africa’s unrest People using walkietalkie app coordinate response crisis
2021-07-21 12:05:27+00:00,How next generation reshaping political discourse The rise social medium always online changing nature civic engagement
2021-07-21 12:05:27+00:00,need stop worrying learn love GMOs The verdict potential health benefit huge
2021-07-21 12:05:27+00:00,The huge environmental toll shipping Today global trade circulated around world 50000 ship run extremely dirty fuel
2021-07-21 12:05:27+00:00,Chinas defense hacking charge The Slightly juvenilesounding ultimately accurate
2021-07-21 12:05:27+00:00,The man turned Farmville clone massive Ponzi scheme Farm Bank might biggest lucrative appbased grift date
2021-07-21 12:05:27+00:00,Why Netflix getting game Its extension chooseyourownadventure experiment like Bandersnatch
2021-07-21 12:05:27+00:00,Hot vax summer happening folk Google search anything anyway
2021-07-21 12:05:27+00:00,These cherry floating water arent real Researchers created new way model surface tension The result frighteningly realistic
2021-07-20 12:05:05+00:00,The Delta variant exact grim toll poorer country Youre either vaccinated youre high risk country not access enough vaccine
2021-07-20 12:05:05+00:00,The ally accused China major cyber attack Specifically giant Microsoft Exchange hack affected least 30000 organization globally
2021-07-20 12:05:05+00:00,Wally Funk defy year sexism head space today Better late never
2021-07-20 12:05:05+00:00,Why NASA visit Pluto Itd take year get could learn huge amount formation solar system
2021-07-20 12:05:05+00:00,What Beijing expect business Total compliance This not feel like recipe creativity innovation long run
2021-07-20 12:05:05+00:00,How skateboard startup Boosted went bust This look like yet another story company overextending thanks influence VCs
2021-07-20 12:05:05+00:00,Why Olympic athlete sleeping cardboard bed Its nothing discouraging sex Its ecofriendly option
2021-07-20 12:05:05+00:00,Facial recognition already everywhere The lack regulation feel remarkable every passing day
2021-07-20 12:05:05+00:00,Have Google Amazon backed wrong driverless tech Full autonomy still look mile Incremental automation winning
2021-07-20 12:05:05+00:00,Malaysian police steamrollered 1069 bitcoin mining rig This look like lot fun
2021-07-19 12:05:12+00:00,How convince vaccine skeptic For starter dont begin premise theyre irrational stupid
2021-07-19 12:05:12+00:00,Activists journalist lawyer hacked using NSO Group spyware This chilling stuff
2021-07-19 12:05:12+00:00,The wildfire across west growing The Bootleg fire grown 476 square mile area size Los Angeles
2021-07-19 12:05:12+00:00,OnlyFans isnt enough protect performer youre going take cut people earnings youd better earn
2021-07-19 12:05:12+00:00,The space race back Except time China And billionaire complicating picture
2021-07-19 12:05:12+00:00,Why WeWork didnt work After meteoric rise relationship Adam Neumann Masayoshi Son fell apart
2021-07-19 12:05:12+00:00,Explaining mystery seed Americans received last summer Basically lot people ordered forgot
2021-07-19 12:05:12+00:00,The ethic Anthony Bourdain deepfake Artificially putting word dead man mouth certainly feel pretty dodgy
2021-07-19 12:05:12+00:00,Résumés TikTok video This feel skincrawlingly embarrassing elderly millennial not target audience
2021-07-19 12:05:12+00:00,Why murder Sims insight evil tortured mind fun irreverent way blow bit steam
2021-07-16 12:07:16+00:00,The next covid19 battle Vaccinating kid Really wish everything didnt battle
2021-07-16 12:07:16+00:00,Flooding Germany killed least people Its becoming harder harder ignore impact climate change
2021-07-16 12:07:16+00:00,DeepMind going open source proteinfolding win science
2021-07-16 12:07:16+00:00,How China censor video game around world The number gamers bigger entire population Japan Germany France combined
2021-07-16 12:07:16+00:00,The great Bay Area exodus simply isnt happening Some people left noisily returning quietly
2021-07-16 12:07:16+00:00,Fraudsters cashing chip shortage Criminals love vacuum
2021-07-16 12:07:16+00:00,How city Florida got convinced pay tunnel Teslas Its unclear really benefit beyond Elon Musk
2021-07-16 12:07:16+00:00,The history Black Twitter Lifting lid one creative vibrant corner Twitter indeed whole internet
2021-07-16 12:07:16+00:00,How many number exist might know one day For year mathematician said unknowable new proof suggests otherwise
2021-07-16 12:07:16+00:00,You use emojis work wellplaced emoji save whole lot word
2021-07-15 12:07:24+00:00,Pfizer want give booster shot—but expert say it’s soon Those vaccine going older adult poor country haven’t yet received first dose
2021-07-15 12:07:24+00:00,need learn grasp analogy Until cant truly intelligent
2021-07-15 12:07:24+00:00,find online security issue China youll report government This look like yet another power grab Beijing
2021-07-15 12:07:24+00:00,brain implant enabled paralyzed man speak For first time since car crash 2003 Simply amazing
2021-07-15 12:07:24+00:00,Phone hacking tech chilling effect journalism Oppressive government increasingly turning tool like sold Cellebrite Israeli surveillance firm
2021-07-15 12:07:24+00:00,green pandemic recovery look unlikely Trillions dollar poured rescuing economy spent way worsen climate crisis
2021-07-15 12:07:24+00:00,social medium making tactful Probably not But maybe helping make empathetic
2021-07-15 12:07:24+00:00,Women much likely autoimmune disease Sometimes factor yet remain largely ignorant cause
2021-07-15 12:07:24+00:00,Can trust Netblocks Its informed virtually every internet shutdown year But monitor internet monitor
2021-07-15 12:07:24+00:00,The concept cool need updating Maybe time throw whole thing trash
2021-07-14 12:07:59+00:00,The cost hygiene theater Obsessing cleaning can—and does—distract thing actually matter like mask ventilation
2021-07-14 12:07:59+00:00,Remote work blessing curse woman Theyre likely want work home yet harder time theyre burdened housework
2021-07-14 12:07:59+00:00,Cuba show social medium blackout increasingly common tactic The latest event reflect alarming new normal
2021-07-14 12:07:59+00:00,Reminder climate crisis not affect equally Richer whiter neighborhood dodging worst impact
2021-07-14 12:07:59+00:00,Vaccine misinformation keep going viral TikTok The use audio clip dodge ban particular problem
2021-07-14 12:07:59+00:00,This robot keep getting fired The gap expectation think thing actually remains large
2021-07-14 12:07:59+00:00,Inside Facebooks data transparency war The story CrowdTangle show Facebook’s obsession reputation management get way attempt clean platform
2021-07-14 12:07:59+00:00,Shein future fast fashion better worse When see production fast product cheap someone somewhere paying price
2021-07-14 12:07:59+00:00,How map ocean sensor helped investigating missing woman mystery Her son rescued whereabouts remain unknown
2021-07-14 12:07:59+00:00,Why cant help seeing face inanimate object Our brain wired way
2021-07-13 12:07:42+00:00,Were inching closer breathalyzer covid tearinducing stick nose hopefully
2021-07-13 12:07:42+00:00,Israel become first country approve third booster shot For immunocompromised adult
2021-07-13 12:07:42+00:00,Englands soccer player racially abused online Truly awful
2021-07-13 12:07:42+00:00,Drought stressing California’s power grid vital clean energy source running dry
2021-07-13 12:07:42+00:00,The pandemic forcing rethink cause asthma attack Attacks plummeted last year suggests virus cold play much bigger role environmental factor
2021-07-13 12:07:42+00:00,Whats best day office There onesizefitsall answer
2021-07-13 12:07:42+00:00,Facebook want lure creator Good luck TikTok YouTube got first
2021-07-13 12:07:42+00:00,Elon Musk rather hate running Tesla Well explains quite lot
2021-07-13 12:07:42+00:00,Amazon want watch sleep thanks
2021-07-13 12:07:42+00:00,Stop doomscrolling start gaming One way better mental health
2021-07-12 12:07:58+00:00,How effective covid19 vaccine Delta variant Theyre keeping people hospital But clear good preventing infection transmission
2021-07-12 12:07:58+00:00,How hot hot human body Things become much difficult 35°C around 95°F
2021-07-12 12:07:58+00:00,Venture capitalist sight set online content creator specifically tool platform theyre using
2021-07-12 12:07:58+00:00,Why grid finally ready fleet electric truck Though longer trip still pose challenge
2021-07-12 12:07:58+00:00,This robot adapts avoid stumbling Adjusting gait different terrain easy enough humans—but extremely challenging robot
2021-07-12 12:07:58+00:00,How ransomware attack work This break anatomy hack step step
2021-07-12 12:07:58+00:00,Amazon pulling brand store—and consumer suffer result There better way dealing fake review problem
2021-07-12 12:07:58+00:00,How make working remotely work Out surveillance visible busyness defined outcome trust
2021-07-12 12:07:58+00:00,defense Twitter Yes awful But wonderful
2021-07-12 12:07:58+00:00,Bendable ice thing exists And blowing mind
